{
    "camera": {
        "fieldOfView": 28.841546255021967,
        "from": [
            7.429636639244563e-08,
            -25.699703216552734,
            5.259599685668945
        ],
        "to": [
            3.0584974552994026e-08,
            -24.699703216552734,
            5.259599208831787
        ],
        "up": [
            -1.3721727069480535e-14,
            3.139165016818879e-07,
            1.0000001192092896
        ]
    },
    "output": {
        "resolution": [
            1024,
            1024
        ]
    },
    "surface": [
        "scene.obj"
    ],
    "directionalLights": [],
    "pointLights": [],
    "areaLights": [
        {
            "center": [
                0.0,
                0.0,
                11.337738037109375
            ],
            "vx": [
                -2.005056619644165,
                0.544857382774353,
                0.0
            ],
            "vy": [
                -0.8990147113800049,
                -3.3083436489105225,
                0.0
            ],
            "normal": [
                0.0,
                0.0,
                -1.0
            ],
            "radiance": [
                4.387042174251821,
                4.387042174251821,
                4.387042174251821
            ]
        }
    ]
}
