{
    "camera": {
        "fieldOfView": 28.841546255021967,
        "from": [
            7.429636639244563e-08,
            -25.699703216552734,
            5.259599685668945
        ],
        "to": [
            3.0584974552994026e-08,
            -24.699703216552734,
            5.259599208831787
        ],
        "up": [
            -1.3721727069480535e-14,
            3.139165016818879e-07,
            1.0000001192092896
        ]
    },
    "output": {
        "resolution": [
            1024,
            1024
        ]
    },
    "surface": [
        "scene.obj"
    ],
    "directionalLights": [],
    "pointLights": [],
    "areaLights": [
        {
            "center": [
                -2.782003164291382,
                -5.503197826328687e-07,
                9.972041130065918
            ],
            "vx": [
                1.0096733570098877,
                -1.4067811965942383,
                0.2878069579601288
            ],
            "vy": [
                1.4260801076889038,
                1.023524522781372,
                0.0
            ],
            "normal": [
                0.09560147672891617,
                -0.13320185244083405,
                -0.9864672422409058
            ],
            "radiance": [
                10.141801035645441,
                10.141801035645441,
                10.141801035645441
            ]
        },
        {
            "center": [
                2.8624379634857178,
                -5.503197826328687e-07,
                9.972041130065918
            ],
            "vx": [
                -1.721779704093933,
                -0.1842513382434845,
                0.2878069579601288
            ],
            "vy": [
                0.1867789626121521,
                -1.7453997135162354,
                0.0
            ],
            "normal": [
                -0.16302764415740967,
                -0.017445938661694527,
                -0.9864672422409058
            ],
            "radiance": [
                10.141801035645441,
                10.141801035645441,
                10.141801035645441
            ]
        },
        {
            "center": [
                2.8624379634857178,
                -5.503197826328687e-07,
                7.208192825317383
            ],
            "vx": [
                0.0,
                -1.2551994323730469,
                0.4801079332828522
            ],
            "vy": [
                0.723128080368042,
                0.0,
                0.0
            ],
            "normal": [
                0.0,
                -0.3572534918785095,
                -0.9340074062347412
            ],
            "radiance": [
                32.15676845221085,
                32.15676845221085,
                32.15676845221085
            ]
        }
    ]
}
